loss_valid,kl_valid,elbo_valid
7463.778961181641,75.3929033279419,7464.382049560547
7052.475189208984,61.790037393569946,7052.969543457031
6869.215484619141,187.45802879333496,6870.7152099609375
