loss_valid,kl_valid,elbo_valid
7431.568176269531,37.79385852813721,7431.870574951172
7081.55712890625,45.16347646713257,7081.91845703125
6889.784240722656,131.484610080719,6890.836151123047
