#                                                                           running time (s)                 
#                                                                    -------------------------------          
#  idx  seq name  length  cm from    cm to  trunc    bit sc  avg pp  band calc  alignment      total  mem (Mb)
# ----  --------  ------  -------  -------  -----  --------  ------  ---------  ---------  ---------  --------
     1  seq0          71        1       69     no     74.36   0.973       0.00       0.00       0.00      0.23
     2  seq1          71        1       69     no     80.01   0.977       0.00       0.00       0.00      0.21
     3  seq2          71        1       69     no     66.84   0.974       0.00       0.00       0.00      0.32
     4  seq3          71        1       69     no     73.71   0.979       0.00       0.00       0.00      0.21
     5  seq4          71        1       69     no     70.55   0.962       0.00       0.00       0.00      0.29
     6  seq5          71        1       69     no     76.13   0.978       0.00       0.00       0.00      0.21
     7  seq6          71        1       69     no     70.52   0.961       0.00       0.00       0.00      0.27
     8  seq7          71        1       69     no     72.91   0.980       0.00       0.00       0.00      0.24
     9  seq8          71        1       69     no     65.90   0.975       0.00       0.00       0.00      0.30
    10  seq9          71        1       69     no     76.77   0.987       0.00       0.00       0.00      0.26
    11  seq10         71        1       69     no     75.15   0.972       0.00       0.00       0.00      0.22
    12  seq11         71        1       69     no     76.52   0.982       0.00       0.00       0.00      0.25
    13  seq12         71        1       69     no     77.60   0.975       0.00       0.00       0.00      0.22
    14  seq13         71        1       69     no     78.70   0.970       0.00       0.00       0.00      0.25
    15  seq14         71        1       69     no     71.16   0.978       0.00       0.00       0.00      0.23
    16  seq15         71        1       69     no     79.84   0.986       0.00       0.00       0.00      0.22
    17  seq16         71        1       69     no     71.60   0.980       0.00       0.00       0.00      0.23
    18  seq17         71        1       69     no     70.92   0.977       0.00       0.00       0.00      0.22
    19  seq18         71        1       69     no     67.27   0.971       0.00       0.00       0.00      0.31
    20  seq19         72        1       69     no     77.98   0.980       0.00       0.00       0.00      0.26
    21  seq20         71        1       69     no     61.81   0.976       0.00       0.00       0.00      0.22
    22  seq21         71        1       69     no     72.68   0.978       0.00       0.00       0.00      0.24
    23  seq22         71        1       69     no     68.84   0.973       0.00       0.00       0.00      0.26
    24  seq23         71        1       69     no     72.68   0.975       0.00       0.00       0.00      0.23
    25  seq24         71        1       69     no     69.58   0.967       0.00       0.00       0.00      0.23
    26  seq25         71        1       69     no     77.27   0.973       0.00       0.00       0.00      0.29
    27  seq26         71        1       69     no     83.10   0.986       0.00       0.00       0.00      0.21
    28  seq27         71        1       69     no     66.99   0.981       0.00       0.00       0.00      0.27
    29  seq28         71        1       69     no     71.78   0.987       0.00       0.00       0.00      0.26
    30  seq29         71        1       69     no     74.98   0.980       0.00       0.00       0.00      0.21
    31  seq30         71        1       69     no     75.21   0.978       0.00       0.00       0.00      0.23
    32  seq31         71        1       69     no     77.02   0.973       0.00       0.00       0.00      0.21
    33  seq32         71        1       69     no     71.72   0.983       0.00       0.00       0.00      0.27
    34  seq33         71        1       69     no     78.51   0.974       0.00       0.00       0.00      0.22
    35  seq34         72        1       69     no     67.06   0.975       0.00       0.00       0.00      0.27
    36  seq35         71        1       69     no     66.93   0.980       0.00       0.00       0.00      0.28
    37  seq36         71        1       69     no     66.46   0.978       0.00       0.00       0.00      0.24
    38  seq37         71        1       69     no     68.76   0.974       0.00       0.00       0.00      0.32
    39  seq38         71        1       69     no     76.05   0.973       0.00       0.00       0.00      0.29
    40  seq39         71        1       69     no     75.61   0.970       0.00       0.00       0.00      0.24
    41  seq40         71        1       69     no     75.20   0.966       0.00       0.00       0.00      0.23
    42  seq41         71        1       69     no     70.36   0.973       0.00       0.00       0.00      0.28
    43  seq42         71        1       69     no     75.32   0.977       0.00       0.00       0.00      0.21
    44  seq43         71        1       69     no     73.61   0.968       0.00       0.00       0.00      0.30
    45  seq44         71        1       69     no     74.06   0.984       0.00       0.00       0.00      0.22
    46  seq45         71        1       69     no     75.34   0.978       0.00       0.00       0.00      0.23
    47  seq46         71        1       69     no     74.47   0.978       0.00       0.00       0.00      0.27
    48  seq47         71        1       69     no     76.49   0.975       0.00       0.00       0.00      0.20
    49  seq48         71        1       69     no     75.63   0.973       0.00       0.00       0.00      0.24
    50  seq49         71        1       69     no     70.07   0.980       0.00       0.00       0.00      0.27
    51  seq50         71        1       69     no     72.00   0.976       0.00       0.00       0.00      0.28
    52  seq51         71        1       69     no     79.90   0.967       0.00       0.00       0.00      0.23
    53  seq52         71        1       69     no     70.69   0.971       0.00       0.00       0.00      0.27
    54  seq53         71        1       69     no     69.48   0.978       0.00       0.00       0.00      0.23
    55  seq54         71        1       69     no     72.02   0.975       0.00       0.00       0.00      0.26
    56  seq55         71        1       69     no     76.47   0.974       0.00       0.00       0.00      0.25
    57  seq56         71        1       69     no     78.58   0.975       0.00       0.00       0.00      0.25
    58  seq57         71        1       69     no     67.98   0.973       0.00       0.00       0.00      0.29
    59  seq58         71        1       69     no     77.51   0.981       0.00       0.00       0.00      0.24
    60  seq59         71        1       69     no     78.07   0.978       0.00       0.00       0.00      0.21
    61  seq60         71        1       69     no     74.56   0.978       0.00       0.00       0.00      0.20
    62  seq61         71        1       69     no     69.08   0.976       0.00       0.00       0.00      0.27
    63  seq62         71        1       69     no     73.84   0.975       0.00       0.00       0.00      0.24
    64  seq63         71        1       69     no     76.82   0.977       0.00       0.00       0.00      0.24
    65  seq64         71        1       69     no     72.24   0.979       0.00       0.00       0.00      0.28
    66  seq65         71        1       69     no     72.98   0.972       0.00       0.00       0.00      0.23
    67  seq66         71        1       69     no     74.53   0.978       0.00       0.00       0.00      0.23
    68  seq67         71        1       69     no     79.67   0.982       0.00       0.00       0.00      0.22
    69  seq68         71        1       69     no     72.80   0.982       0.00       0.00       0.00      0.30
    70  seq69         72        1       69     no     75.13   0.978       0.00       0.00       0.00      0.28
    71  seq70         71        1       69     no     81.39   0.984       0.00       0.00       0.00      0.23
    72  seq71         71        1       69     no     70.07   0.980       0.00       0.00       0.00      0.27
    73  seq72         71        1       69     no     75.87   0.982       0.00       0.00       0.00      0.23
    74  seq73         71        1       69     no     73.52   0.964       0.00       0.00       0.00      0.24
    75  seq74         72        1       69     no     78.11   0.976       0.00       0.00       0.00      0.22
    76  seq75         72        1       69     no     76.93   0.973       0.00       0.00       0.00      0.24
    77  seq76         71        1       69     no     74.64   0.977       0.00       0.00       0.00      0.28
    78  seq77         71        1       69     no     68.61   0.981       0.00       0.00       0.00      0.29
    79  seq78         71        1       69     no     76.03   0.978       0.00       0.00       0.00      0.28
    80  seq79         72        1       69     no     76.56   0.977       0.00       0.00       0.00      0.26
    81  seq80         71        1       69     no     78.88   0.975       0.00       0.00       0.00      0.24
    82  seq81         71        1       69     no     77.46   0.982       0.00       0.00       0.00      0.26
    83  seq82         71        1       69     no     73.57   0.978       0.00       0.00       0.00      0.22
    84  seq83         71        1       69     no     62.38   0.967       0.00       0.00       0.00      0.23
    85  seq84         71        1       69     no     48.03   0.965       0.00       0.00       0.00      0.36
    86  seq85         71        1       69     no     50.35   0.970       0.00       0.00       0.00      0.27
    87  seq86         71        1       69     no     72.38   0.977       0.00       0.00       0.00      0.31
    88  seq87         71        1       69     no     75.00   0.982       0.00       0.00       0.00      0.24
    89  seq88         71        1       69     no     68.82   0.978       0.00       0.00       0.00      0.27
    90  seq89         71        1       69     no     63.93   0.966       0.00       0.00       0.00      0.24
    91  seq90         72        1       69     no     73.75   0.982       0.00       0.00       0.00      0.28
    92  seq91         71        1       69     no     68.42   0.970       0.00       0.00       0.00      0.31
    93  seq92         71        1       69     no     75.79   0.978       0.00       0.00       0.00      0.23
    94  seq93         71        1       69     no     72.53   0.975       0.00       0.00       0.00      0.26
    95  seq94         71        1       69     no     72.78   0.977       0.00       0.00       0.00      0.28
    96  seq95         71        1       69     no     63.18   0.977       0.00       0.00       0.00      0.35
    97  seq96         71        1       69     no     68.61   0.977       0.00       0.00       0.00      0.29
    98  seq97         71        1       69     no     67.66   0.986       0.00       0.00       0.00      0.34
    99  seq98         71        1       69     no     73.29   0.975       0.00       0.00       0.00      0.21
   100  seq99         71        1       69     no     73.26   0.973       0.00       0.00       0.00      0.32
   101  seq100        72        1       69     no     71.39   0.981       0.00       0.00       0.00      0.25
   102  seq101        71        1       69     no     73.47   0.975       0.00       0.00       0.00      0.26
   103  seq102        71        1       69     no     76.21   0.979       0.00       0.00       0.00      0.27
   104  seq103        71        1       69     no     68.38   0.980       0.00       0.00       0.00      0.29
   105  seq104        71        1       69     no     71.82   0.981       0.00       0.00       0.00      0.26
   106  seq105        71        1       69     no     75.95   0.978       0.00       0.00       0.00      0.24
   107  seq106        71        1       69     no     77.15   0.977       0.00       0.00       0.00      0.24
   108  seq107        72        1       69     no     66.84   0.974       0.00       0.00       0.00      0.32
   109  seq108        71        1       69     no     78.42   0.978       0.00       0.00       0.00      0.26
   110  seq109        71        1       69     no     71.82   0.978       0.00       0.00       0.00      0.29
   111  seq110        71        1       69     no     75.22   0.980       0.00       0.00       0.00      0.26
   112  seq111        71        1       69     no     70.12   0.986       0.00       0.00       0.00      0.27
   113  seq112        71        1       69     no     78.82   0.980       0.00       0.00       0.00      0.26
   114  seq113        71        1       69     no     77.44   0.978       0.00       0.00       0.00      0.24
   115  seq114        71        1       69     no     75.35   0.964       0.00       0.00       0.00      0.21
   116  seq115        71        1       69     no     78.09   0.979       0.00       0.00       0.00      0.21
   117  seq116        71        1       69     no     80.85   0.970       0.00       0.00       0.00      0.25
   118  seq117        84       17       69     no     -7.34   0.925       0.00       0.01       0.01      2.03
   119  seq118        71        1       69     no     78.51   0.966       0.00       0.00       0.00      0.25
   120  seq119        71        1       69     no     79.59   0.987       0.00       0.00       0.00      0.21
   121  seq120        71        1       69     no     74.87   0.980       0.00       0.00       0.00      0.26
   122  seq121        71        1       69     no     70.78   0.977       0.00       0.00       0.00      0.27
   123  seq122        71        1       69     no     80.19   0.978       0.00       0.00       0.00      0.22
   124  seq123        71        1       69     no     76.96   0.982       0.00       0.00       0.00      0.22
   125  seq124        71        1       69     no     70.69   0.975       0.00       0.00       0.00      0.25
   126  seq125        71        1       69     no     77.41   0.973       0.00       0.00       0.00      0.24
   127  seq126        71        1       69     no     77.43   0.983       0.00       0.00       0.00      0.30
   128  seq127        84        1       69     no     15.03   0.684       0.00       0.01       0.01      0.99
   129  seq128        71        1       69     no     83.65   0.976       0.00       0.00       0.00      0.21
   130  seq129        71        1       69     no     75.74   0.978       0.00       0.00       0.00      0.30
   131  seq130        71        1       69     no     69.63   0.984       0.00       0.00       0.00      0.22
   132  seq131        71        1       69     no     78.18   0.983       0.00       0.00       0.00      0.26
   133  seq132        71        1       69     no     76.45   0.984       0.00       0.00       0.00      0.21
   134  seq133        71        1       69     no     78.47   0.975       0.00       0.00       0.00      0.21
   135  seq134        71        1       69     no     76.19   0.977       0.00       0.00       0.00      0.22
   136  seq135        71        1       69     no     67.02   0.983       0.00       0.00       0.00      0.24
   137  seq136        71        1       69     no     72.59   0.980       0.00       0.00       0.00      0.24
   138  seq137        71        1       69     no     77.28   0.973       0.00       0.00       0.00      0.21
   139  seq138        71        1       69     no     74.75   0.980       0.00       0.00       0.00      0.21
   140  seq139        71        1       69     no     72.81   0.977       0.00       0.00       0.00      0.25
   141  seq140        71        1       69     no     77.87   0.973       0.00       0.00       0.00      0.22
   142  seq141        71        1       69     no     72.46   0.980       0.00       0.00       0.00      0.30
   143  seq142        71        1       69     no     81.01   0.971       0.00       0.00       0.00      0.22
   144  seq143        71        1       69     no     76.89   0.980       0.00       0.00       0.00      0.23
   145  seq144        71        1       69     no     75.14   0.977       0.00       0.00       0.00      0.27
   146  seq145        71        1       69     no     80.82   0.978       0.00       0.00       0.00      0.28
   147  seq146        71        1       69     no     78.84   0.976       0.00       0.00       0.00      0.22
   148  seq147        71        1       69     no     77.24   0.970       0.00       0.00       0.00      0.26
   149  seq148        71        1       69     no     70.56   0.981       0.00       0.00       0.00      0.28
   150  seq149        71        1       69     no     73.25   0.975       0.00       0.00       0.00      0.22
   151  seq150        71        1       69     no     76.47   0.978       0.00       0.00       0.00      0.23
   152  seq151        71        1       69     no     80.44   0.980       0.00       0.00       0.00      0.21
   153  seq152        71        1       69     no     70.13   0.976       0.00       0.00       0.00      0.32
   154  seq153        71        1       69     no     72.94   0.976       0.00       0.00       0.00      0.28
   155  seq154        71        1       69     no     76.42   0.978       0.00       0.00       0.00      0.23
   156  seq155        71        1       69     no     80.62   0.980       0.00       0.00       0.00      0.24
   157  seq156        71        1       69     no     74.71   0.977       0.00       0.00       0.00      0.25
   158  seq157        84        1       22     no      6.44   0.850       0.00       0.01       0.01      1.80
   159  seq158        71        1       69     no     70.87   0.982       0.00       0.00       0.00      0.30
   160  seq159        71        1       69     no     72.75   0.975       0.00       0.00       0.00      0.26
   161  seq160        72        1       69     no     72.34   0.971       0.00       0.00       0.00      0.27
   162  seq161        71        1       69     no     79.32   0.977       0.00       0.00       0.00      0.23
   163  seq162        71        1       69     no     77.71   0.979       0.00       0.00       0.00      0.22
   164  seq163        71        1       69     no     77.68   0.976       0.00       0.00       0.00      0.22
   165  seq164        71        1       69     no     76.65   0.977       0.00       0.00       0.00      0.22
   166  seq165        71        1       69     no     72.63   0.975       0.00       0.00       0.00      0.21
   167  seq166        71        1       69     no     77.75   0.977       0.00       0.00       0.00      0.24
   168  seq167        71        1       69     no     71.38   0.980       0.00       0.00       0.00      0.24
   169  seq168        71        1       69     no     75.22   0.981       0.00       0.00       0.00      0.25
   170  seq169        71        1       69     no     77.06   0.975       0.00       0.00       0.00      0.29
   171  seq170        71        1       69     no     75.04   0.977       0.00       0.00       0.00      0.21
   172  seq171        71        1       69     no     73.83   0.977       0.00       0.00       0.00      0.21
   173  seq172        71        1       69     no     82.05   0.977       0.00       0.00       0.00      0.21
   174  seq173        71        1       69     no     80.75   0.978       0.00       0.00       0.00      0.23
   175  seq174        71        1       69     no     63.60   0.960       0.00       0.00       0.00      0.27
   176  seq175        71        1       69     no     77.44   0.978       0.00       0.00       0.00      0.26
   177  seq176        71        1       69     no     74.11   0.979       0.00       0.00       0.00      0.22
   178  seq177        71        1       69     no     73.20   0.975       0.00       0.00       0.00      0.21
   179  seq178        71        1       69     no     81.27   0.975       0.00       0.00       0.00      0.22
   180  seq179        71        1       69     no     62.66   0.979       0.00       0.00       0.00      0.30
   181  seq180        71        1       69     no     64.24   0.965       0.00       0.00       0.00      0.30
   182  seq181        72        1       69     no     70.23   0.978       0.00       0.00       0.00      0.29
   183  seq182        71        1       69     no     68.60   0.977       0.00       0.00       0.00      0.29
   184  seq183        71        1       69     no     67.88   0.977       0.00       0.00       0.00      0.29
   185  seq184        71        1       69     no     76.68   0.976       0.00       0.00       0.00      0.23
   186  seq185        71        1       69     no     77.37   0.967       0.00       0.00       0.00      0.24
   187  seq186        71        1       69     no     77.02   0.973       0.00       0.00       0.00      0.24
   188  seq187        71        1       69     no     82.51   0.985       0.00       0.00       0.00      0.21
   189  seq188        71        1       69     no     78.10   0.978       0.00       0.00       0.00      0.24
   190  seq189        71        1       69     no     78.44   0.967       0.00       0.00       0.00      0.27
   191  seq190        71        1       69     no     83.15   0.977       0.00       0.00       0.00      0.21
   192  seq191        71        1       69     no     77.72   0.978       0.00       0.00       0.00      0.26
   193  seq192        71        1       69     no     75.69   0.977       0.00       0.00       0.00      0.25
   194  seq193        71        1       69     no     78.41   0.973       0.00       0.00       0.00      0.22
   195  seq194        71        1       69     no     68.52   0.975       0.00       0.00       0.00      0.32
   196  seq195        71        1       69     no     78.59   0.975       0.00       0.00       0.00      0.24
   197  seq196        71        1       69     no     75.35   0.975       0.00       0.00       0.00      0.23
   198  seq197        71        1       69     no     74.59   0.980       0.00       0.00       0.00      0.21
   199  seq198        71        1       69     no     72.97   0.981       0.00       0.00       0.00      0.26
   200  seq199        71        1       69     no     75.19   0.975       0.00       0.00       0.00      0.24
   201  seq200        71        1       69     no     73.57   0.980       0.00       0.00       0.00      0.22
   202  seq201        71        1       69     no     79.58   0.980       0.00       0.00       0.00      0.21
   203  seq202        71        1       69     no     73.58   0.972       0.00       0.00       0.00      0.24
   204  seq203        71        1       69     no     71.13   0.978       0.00       0.00       0.00      0.30
   205  seq204        71        1       69     no     68.00   0.975       0.00       0.00       0.00      0.26
   206  seq205        71        1       69     no     76.56   0.978       0.00       0.00       0.00      0.24
   207  seq206        71        1       69     no     74.40   0.963       0.00       0.00       0.00      0.22
   208  seq207        71        1       69     no     81.03   0.975       0.00       0.00       0.00      0.21
   209  seq208        71        1       69     no     80.53   0.980       0.00       0.00       0.00      0.21
   210  seq209        71        1       69     no     71.69   0.984       0.00       0.00       0.00      0.23
   211  seq210        71        1       69     no     70.99   0.975       0.00       0.00       0.00      0.29
   212  seq211        71        1       69     no     69.77   0.982       0.00       0.00       0.00      0.22
   213  seq212        71        1       69     no     74.28   0.978       0.00       0.00       0.00      0.23
   214  seq213        71        1       69     no     74.67   0.982       0.00       0.00       0.00      0.22
   215  seq214        71        1       69     no     80.67   0.982       0.00       0.00       0.00      0.24
   216  seq215        71        1       69     no     75.46   0.979       0.00       0.00       0.00      0.29
   217  seq216        71        1       69     no     60.62   0.968       0.00       0.00       0.00      0.25
   218  seq217        71        1       69     no     76.37   0.976       0.00       0.00       0.00      0.22
   219  seq218        78        1       69     no     33.48   0.918       0.00       0.00       0.00      0.43
   220  seq219        71        1       69     no     79.86   0.973       0.00       0.00       0.00      0.27
   221  seq220        71        1       69     no     76.09   0.983       0.00       0.00       0.00      0.26
   222  seq221        80        1       69     no     25.92   0.875       0.00       0.00       0.01      0.58
   223  seq222        71        1       69     no     75.93   0.978       0.00       0.00       0.00      0.24
   224  seq223       105        1       69     no     -0.08   0.926       0.00       0.02       0.02      2.80
   225  seq224        71        1       69     no     70.49   0.974       0.00       0.00       0.00      0.29
   226  seq225        72        1       69     no     72.18   0.963       0.00       0.00       0.00      0.29
   227  seq226        72        1       69     no     70.89   0.980       0.00       0.00       0.00      0.31
   228  seq227        71        1       69     no     79.11   0.976       0.00       0.00       0.00      0.24
   229  seq228        72        1       69     no     73.19   0.978       0.00       0.00       0.00      0.23
   230  seq229        71        1       69     no     71.78   0.980       0.00       0.00       0.00      0.25
   231  seq230        71        1       69     no     77.60   0.982       0.00       0.00       0.00      0.23
   232  seq231        71        1       69     no     81.37   0.980       0.00       0.00       0.00      0.20
   233  seq232        71        1       69     no     76.72   0.981       0.00       0.00       0.00      0.26
   234  seq233        71        1       69     no     62.31   0.968       0.00       0.00       0.00      0.26
   235  seq234        71        1       69     no     71.09   0.970       0.00       0.00       0.00      0.30
   236  seq235        71        1       69     no     76.26   0.977       0.00       0.00       0.00      0.23
   237  seq236        71        1       69     no     71.88   0.972       0.00       0.00       0.00      0.25
   238  seq237        71        1       69     no     78.40   0.965       0.00       0.00       0.00      0.24
   239  seq238        71        1       69     no     79.48   0.973       0.00       0.00       0.00      0.23
   240  seq239        71        1       69     no     75.81   0.972       0.00       0.00       0.00      0.27
   241  seq240        71        1       69     no     71.68   0.983       0.00       0.00       0.00      0.26
   242  seq241        71        1       69     no     74.32   0.973       0.00       0.00       0.00      0.24
   243  seq242        80        1       69     no     25.68   0.887       0.00       0.01       0.01      1.09
   244  seq243        71        1       69     no     73.97   0.974       0.00       0.00       0.00      0.23
   245  seq244        71        1       69     no     71.70   0.978       0.00       0.00       0.00      0.22
   246  seq245        71        1       69     no     69.00   0.981       0.00       0.00       0.00      0.29
   247  seq246        71        1       69     no     69.96   0.977       0.00       0.00       0.00      0.26
   248  seq247        71        1       69     no     76.63   0.973       0.00       0.00       0.00      0.21
   249  seq248        71        1       69     no     81.67   0.978       0.00       0.00       0.00      0.20
   250  seq249        83        1       69     no     27.41   0.910       0.00       0.00       0.00      0.81
   251  seq250        71        1       69     no     80.33   0.980       0.00       0.00       0.00      0.24
   252  seq251        71        1       69     no     73.09   0.982       0.00       0.00       0.00      0.26
   253  seq252        71        1       69     no     79.77   0.980       0.00       0.00       0.00      0.21
   254  seq253        71        1       69     no     74.90   0.981       0.00       0.00       0.00      0.26
   255  seq254        71        1       69     no     78.04   0.975       0.00       0.00       0.00      0.21
   256  seq255        71        1       69     no     72.86   0.978       0.00       0.00       0.00      0.24
   257  seq256        71        1       69     no     73.92   0.974       0.00       0.00       0.00      0.23
   258  seq257        71        1       69     no     76.76   0.984       0.00       0.00       0.00      0.25
   259  seq258        71        1       69     no     74.28   0.975       0.00       0.00       0.00      0.25
   260  seq259        72        1       69     no     73.51   0.981       0.00       0.00       0.00      0.23
   261  seq260        71        1       69     no     72.60   0.983       0.00       0.00       0.00      0.26
   262  seq261        71        1       69     no     76.72   0.977       0.00       0.00       0.00      0.21
   263  seq262        71        1       69     no     74.42   0.973       0.00       0.00       0.00      0.24
   264  seq263        71        1       69     no     73.62   0.975       0.00       0.00       0.00      0.24
   265  seq264        71        1       69     no     72.54   0.973       0.00       0.00       0.00      0.31
   266  seq265        71        1       69     no     80.87   0.973       0.00       0.00       0.00      0.24
   267  seq266        71        1       69     no     69.63   0.981       0.00       0.00       0.00      0.25
   268  seq267        71        1       69     no     72.89   0.981       0.00       0.00       0.00      0.24
   269  seq268        71        1       69     no     70.86   0.977       0.00       0.00       0.00      0.29
   270  seq269        71        1       69     no     64.55   0.978       0.00       0.00       0.00      0.31
   271  seq270        71        1       69     no     81.11   0.980       0.00       0.00       0.00      0.23
   272  seq271        71        1       69     no     80.99   0.978       0.00       0.00       0.00      0.21
   273  seq272        71        1       69     no     80.66   0.965       0.00       0.00       0.00      0.24
   274  seq273        71        1       69     no     71.32   0.980       0.00       0.00       0.00      0.23
   275  seq274        71        1       69     no     78.05   0.980       0.00       0.00       0.00      0.23
   276  seq275        71        1       69     no     71.43   0.969       0.00       0.00       0.00      0.28
   277  seq276        71        1       69     no     71.62   0.981       0.00       0.00       0.00      0.23
   278  seq277        71        1       69     no     75.66   0.975       0.00       0.00       0.00      0.21
   279  seq278        72        1       69     no     72.54   0.978       0.00       0.00       0.00      0.24
   280  seq279        71        1       69     no     74.93   0.976       0.00       0.00       0.00      0.23
   281  seq280        71        1       69     no     72.22   0.982       0.00       0.00       0.00      0.26
   282  seq281        71        1       69     no     71.63   0.980       0.00       0.00       0.00      0.28
   283  seq282        71        1       69     no     81.71   0.980       0.00       0.00       0.00      0.22
   284  seq283        71        1       69     no     74.42   0.978       0.00       0.00       0.00      0.24
   285  seq284        71        1       69     no     73.47   0.980       0.00       0.00       0.00      0.29
   286  seq285        71        1       69     no     67.26   0.977       0.00       0.00       0.00      0.27
   287  seq286        71        1       69     no     78.06   0.978       0.00       0.00       0.00      0.29
   288  seq287        71        1       69     no     74.94   0.978       0.00       0.00       0.00      0.23
   289  seq288        71        1       69     no     79.86   0.980       0.00       0.00       0.00      0.20
   290  seq289        72        1       69     no     71.37   0.974       0.00       0.00       0.00      0.24
   291  seq290        71        1       69     no     80.52   0.974       0.00       0.00       0.00      0.23
   292  seq291        71        1       69     no     69.03   0.962       0.00       0.00       0.00      0.31
   293  seq292        71        1       69     no     78.16   0.983       0.00       0.00       0.00      0.24
   294  seq293        71        1       69     no     77.34   0.980       0.00       0.00       0.00      0.20
   295  seq294        71        1       69     no     76.66   0.978       0.00       0.00       0.00      0.25
   296  seq295        71        1       69     no     71.11   0.976       0.00       0.00       0.00      0.29
   297  seq296        71        1       69     no     73.21   0.970       0.00       0.00       0.00      0.32
   298  seq297        71        1       69     no     69.89   0.971       0.00       0.00       0.00      0.26
   299  seq298        71        1       69     no     76.41   0.977       0.00       0.00       0.00      0.21
   300  seq299        71        1       69     no     80.66   0.976       0.00       0.00       0.00      0.23
   301  seq300        71        1       69     no     64.13   0.972       0.00       0.00       0.00      0.30
   302  seq301        71        1       69     no     74.44   0.980       0.00       0.00       0.00      0.24
   303  seq302        74        1       69     no     69.61   0.933       0.00       0.00       0.00      0.24
   304  seq303        72        1       69     no     66.76   0.967       0.00       0.00       0.00      0.28
   305  seq304        71        1       69     no     71.53   0.974       0.00       0.00       0.00      0.22
   306  seq305        71        1       69     no     70.94   0.970       0.00       0.00       0.00      0.29
   307  seq306        71        1       69     no     71.99   0.983       0.00       0.00       0.00      0.25
   308  seq307        71        1       69     no     72.49   0.975       0.00       0.00       0.00      0.24
   309  seq308        71        1       69     no     74.35   0.973       0.00       0.00       0.00      0.30
   310  seq309        71        1       69     no     78.41   0.978       0.00       0.00       0.00      0.23
   311  seq310        71        1       69     no     69.27   0.981       0.00       0.00       0.00      0.25
   312  seq311        71        1       69     no     76.96   0.974       0.00       0.00       0.00      0.23
   313  seq312        71        1       69     no     71.06   0.980       0.00       0.00       0.00      0.27
   314  seq313        71        1       69     no     71.98   0.976       0.00       0.00       0.00      0.24
   315  seq314        71        1       69     no     77.49   0.981       0.00       0.00       0.00      0.22
   316  seq315        71        1       69     no     76.02   0.977       0.00       0.00       0.00      0.22
   317  seq316        71        1       69     no     70.59   0.987       0.00       0.00       0.00      0.24
   318  seq317        71        1       69     no     78.56   0.981       0.00       0.00       0.00      0.24
   319  seq318        71        1       69     no     77.56   0.978       0.00       0.00       0.00      0.27
   320  seq319        71        1       69     no     60.01   0.978       0.00       0.00       0.00      0.23
   321  seq320        71        1       69     no     69.21   0.987       0.00       0.00       0.00      0.31
   322  seq321        75        1       69     no     51.84   0.909       0.00       0.00       0.00      0.45
   323  seq322        71        1       69     no     71.26   0.967       0.00       0.00       0.00      0.26
   324  seq323        71        1       69     no     68.18   0.969       0.00       0.00       0.00      0.21
   325  seq324        71        1       69     no     74.87   0.973       0.00       0.00       0.00      0.25
   326  seq325        71        1       69     no     79.46   0.974       0.00       0.00       0.00      0.22
   327  seq326        82        1       69     no     38.03   0.830       0.00       0.00       0.00      0.72
   328  seq327        71        1       69     no     73.76   0.982       0.00       0.00       0.00      0.27
   329  seq328        71        1       69     no     72.69   0.978       0.00       0.00       0.00      0.25
   330  seq329        71        1       69     no     71.86   0.983       0.00       0.00       0.00      0.26
   331  seq330        71        1       69     no     77.44   0.977       0.00       0.00       0.00      0.23
   332  seq331        71        1       69     no     81.08   0.977       0.00       0.00       0.00      0.21
   333  seq332        71        1       69     no     76.98   0.982       0.00       0.00       0.00      0.25
   334  seq333        71        1       69     no     74.51   0.971       0.00       0.00       0.00      0.24
   335  seq334        71        1       69     no     81.38   0.980       0.00       0.00       0.00      0.21
   336  seq335        71        1       69     no     75.34   0.980       0.00       0.00       0.00      0.24
   337  seq336        71        1       69     no     80.79   0.977       0.00       0.00       0.00      0.22
   338  seq337        71        1       69     no     73.06   0.985       0.00       0.00       0.00      0.22
   339  seq338        71        1       69     no     58.99   0.950       0.00       0.00       0.00      0.26
   340  seq339        71        1       69     no     76.13   0.978       0.00       0.00       0.00      0.23
   341  seq340        71        1       69     no     79.85   0.983       0.00       0.00       0.00      0.20
   342  seq341        71        1       69     no     76.03   0.975       0.00       0.00       0.00      0.28
   343  seq342        71        1       69     no     70.88   0.975       0.00       0.00       0.00      0.22
   344  seq343        71        1       69     no     72.47   0.982       0.00       0.00       0.00      0.28
   345  seq344        71        1       69     no     80.52   0.970       0.00       0.00       0.00      0.22
   346  seq345        72        1       69     no     64.57   0.978       0.00       0.00       0.00      0.28
   347  seq346        71        1       69     no     77.05   0.980       0.00       0.00       0.00      0.25
   348  seq347        71        1       69     no     77.21   0.978       0.00       0.00       0.00      0.23
   349  seq348        72        1       69     no     72.25   0.980       0.00       0.00       0.00      0.25
   350  seq349        71        1       69     no     78.35   0.971       0.00       0.00       0.00      0.23
   351  seq350        77        1       69     no     36.62   0.858       0.00       0.00       0.00      0.41
   352  seq351        73        1       69     no     64.96   0.936       0.00       0.00       0.00      0.25
   353  seq352        71        1       69     no     66.69   0.980       0.00       0.00       0.00      0.26
   354  seq353        71        1       69     no     58.57   0.956       0.00       0.00       0.00      0.29
   355  seq354        71        1       69     no     74.16   0.981       0.00       0.00       0.00      0.21
   356  seq355        71        1       69     no     69.18   0.972       0.00       0.00       0.00      0.28
   357  seq356        71        1       69     no     71.60   0.980       0.00       0.00       0.00      0.25
   358  seq357        71        1       69     no     75.49   0.970       0.00       0.00       0.00      0.22
   359  seq358        71        1       69     no     74.04   0.980       0.00       0.00       0.00      0.23
   360  seq359        71        1       69     no     75.54   0.973       0.00       0.00       0.00      0.24
   361  seq360        74        1       69     no     17.79   0.844       0.00       0.00       0.00      0.46
   362  seq361        71        1       69     no     70.59   0.967       0.00       0.00       0.00      0.26
   363  seq362        72        1       69     no     77.45   0.985       0.00       0.00       0.00      0.28
   364  seq363        71        1       69     no     64.12   0.972       0.00       0.00       0.00      0.25
   365  seq364        71        1       69     no     76.93   0.976       0.00       0.00       0.00      0.21
   366  seq365        71        1       69     no     78.05   0.978       0.00       0.00       0.00      0.21
   367  seq366        71        1       69     no     71.62   0.983       0.00       0.00       0.00      0.30
   368  seq367        71        1       69     no     77.59   0.981       0.00       0.00       0.00      0.29
   369  seq368        71        1       69     no     74.34   0.980       0.00       0.00       0.00      0.24
   370  seq369        71        1       69     no     71.50   0.983       0.00       0.00       0.00      0.27
   371  seq370        71        1       69     no     69.16   0.987       0.00       0.00       0.00      0.25
   372  seq371        71        1       69     no     74.09   0.969       0.00       0.00       0.00      0.26
   373  seq372        71        1       69     no     74.22   0.982       0.00       0.00       0.00      0.25
   374  seq373        71        1       69     no     78.53   0.980       0.00       0.00       0.00      0.23
   375  seq374        71        1       69     no     77.61   0.971       0.00       0.00       0.00      0.24
   376  seq375        71        1       69     no     71.27   0.978       0.00       0.00       0.00      0.29
   377  seq376        71        1       69     no     64.30   0.975       0.00       0.00       0.00      0.32
   378  seq377        71        1       69     no     74.96   0.975       0.00       0.00       0.00      0.22
   379  seq378        71        1       69     no     77.98   0.980       0.00       0.00       0.00      0.22
   380  seq379        71        1       69     no     73.57   0.966       0.00       0.00       0.00      0.29
   381  seq380        71        1       69     no     70.89   0.978       0.00       0.00       0.00      0.25
   382  seq381        71        1       69     no     66.30   0.963       0.00       0.00       0.00      0.23
   383  seq382        71        1       69     no     75.93   0.976       0.00       0.00       0.00      0.26
   384  seq383        71        1       69     no     80.06   0.972       0.00       0.00       0.00      0.22
   385  seq384        71        1       69     no     71.36   0.977       0.00       0.00       0.00      0.29
   386  seq385        71        1       69     no     75.24   0.975       0.00       0.00       0.00      0.21
   387  seq386        71        1       69     no     69.79   0.980       0.00       0.00       0.00      0.27
   388  seq387        71        1       69     no     78.65   0.981       0.00       0.00       0.00      0.24
   389  seq388        71        1       69     no     76.75   0.980       0.00       0.00       0.00      0.23
   390  seq389        71        1       69     no     62.59   0.983       0.00       0.00       0.00      0.33
   391  seq390        72        1       69     no     66.88   0.972       0.00       0.00       0.00      0.30
   392  seq391        71        1       69     no     70.95   0.972       0.00       0.00       0.00      0.29
   393  seq392        71        1       69     no     76.33   0.978       0.00       0.00       0.00      0.24
   394  seq393        85        1       69     no      4.67   0.787       0.00       0.01       0.01      1.42
   395  seq394        71        1       69     no     71.50   0.971       0.00       0.00       0.00      0.28
   396  seq395        71        1       69     no     78.42   0.980       0.00       0.00       0.00      0.23
   397  seq396        71        1       69     no     74.61   0.967       0.00       0.00       0.00      0.26
   398  seq397        71        1       69     no     77.13   0.980       0.00       0.00       0.00      0.20
   399  seq398        71        1       69     no     70.53   0.977       0.00       0.00       0.00      0.27
   400  seq399        71        1       69     no     75.84   0.976       0.00       0.00       0.00      0.25
   401  seq400        71        1       69     no     71.47   0.975       0.00       0.00       0.00      0.29
   402  seq401        71        1       69     no     71.54   0.977       0.00       0.00       0.00      0.24
   403  seq402        71        1       69     no     76.04   0.975       0.00       0.00       0.00      0.25
   404  seq403        72        1       69     no     74.62   0.978       0.00       0.00       0.00      0.25
   405  seq404        71        1       69     no     56.72   0.966       0.00       0.00       0.00      0.29
   406  seq405        71        1       69     no     76.80   0.980       0.00       0.00       0.00      0.27
   407  seq406        71        1       69     no     77.05   0.980       0.00       0.00       0.00      0.23
   408  seq407        71        1       69     no     67.93   0.977       0.00       0.00       0.00      0.27
   409  seq408        80        1       69     no     37.62   0.886       0.00       0.00       0.00      0.71
   410  seq409        71        1       69     no     76.27   0.980       0.00       0.00       0.00      0.23
   411  seq410        71        1       69     no     76.03   0.978       0.00       0.00       0.00      0.23
   412  seq411        71        1       69     no     72.60   0.983       0.00       0.00       0.00      0.29
   413  seq412        71        1       69     no     66.02   0.976       0.00       0.00       0.00      0.29
   414  seq413        71        1       69     no     80.00   0.975       0.00       0.00       0.00      0.23
   415  seq414        71        1       69     no     56.12   0.973       0.00       0.00       0.00      0.25
   416  seq415        71        1       69     no     73.59   0.985       0.00       0.00       0.00      0.25
   417  seq416        71        1       69     no     73.85   0.988       0.00       0.00       0.00      0.24
   418  seq417        71        1       69     no     70.99   0.977       0.00       0.00       0.00      0.25
   419  seq418        71        1       69     no     77.17   0.982       0.00       0.00       0.00      0.21
   420  seq419        71        1       69     no     74.29   0.976       0.00       0.00       0.00      0.23
   421  seq420        71        1       69     no     69.20   0.977       0.00       0.00       0.00      0.27
   422  seq421        71        1       69     no     76.97   0.978       0.00       0.00       0.00      0.22
   423  seq422        71        1       69     no     69.06   0.980       0.00       0.00       0.00      0.29
   424  seq423        71        1       69     no     71.84   0.978       0.00       0.00       0.00      0.25
   425  seq424        71        1       69     no     74.06   0.978       0.00       0.00       0.00      0.22
   426  seq425        71        1       69     no     69.60   0.973       0.00       0.00       0.00      0.32
   427  seq426        71        1       69     no     68.22   0.978       0.00       0.00       0.00      0.24
   428  seq427        71        1       69     no     75.02   0.982       0.00       0.00       0.00      0.21
   429  seq428        71        1       69     no     70.99   0.973       0.00       0.00       0.00      0.23
   430  seq429        71        1       69     no     64.92   0.980       0.00       0.00       0.00      0.29
   431  seq430        71        1       69     no     73.05   0.984       0.00       0.00       0.00      0.29
   432  seq431        71        1       69     no     77.60   0.983       0.00       0.00       0.00      0.25
   433  seq432        71        1       69     no     65.70   0.972       0.00       0.00       0.00      0.32
   434  seq433        71        1       69     no     52.06   0.969       0.00       0.00       0.00      0.27
   435  seq434        71        1       69     no     78.82   0.973       0.00       0.00       0.00      0.21
   436  seq435        71        1       69     no     64.00   0.978       0.00       0.00       0.00      0.26
   437  seq436        71        1       69     no     66.94   0.967       0.00       0.00       0.00      0.22
   438  seq437        71        1       69     no     76.27   0.980       0.00       0.00       0.00      0.24
   439  seq438        71        1       69     no     78.31   0.971       0.00       0.00       0.00      0.22
   440  seq439        71        1       69     no     78.19   0.971       0.00       0.00       0.00      0.22
   441  seq440        72        1       69     no     73.28   0.978       0.00       0.00       0.00      0.23
   442  seq441        71        1       69     no     76.04   0.975       0.00       0.00       0.00      0.26
   443  seq442        71        1       69     no     76.29   0.980       0.00       0.00       0.00      0.29
   444  seq443        71        1       69     no     78.79   0.975       0.00       0.00       0.00      0.29
   445  seq444        71        1       69     no     69.36   0.981       0.00       0.00       0.00      0.27
   446  seq445        71        1       69     no     76.44   0.981       0.00       0.00       0.00      0.23
   447  seq446        71        1       69     no     83.29   0.981       0.00       0.00       0.00      0.22
   448  seq447        71        1       69     no     73.37   0.972       0.00       0.00       0.00      0.22
   449  seq448        71        1       69     no     73.52   0.973       0.00       0.00       0.00      0.21
   450  seq449        71        1       69     no     77.31   0.977       0.00       0.00       0.00      0.22
   451  seq450        71        1       69     no     79.81   0.978       0.00       0.00       0.00      0.24
   452  seq451        71        1       69     no     74.21   0.977       0.00       0.00       0.00      0.25
   453  seq452        71        1       69     no     71.16   0.980       0.00       0.00       0.00      0.29
   454  seq453        71        1       69     no     68.16   0.970       0.00       0.00       0.00      0.26
   455  seq454        71        1       69     no     77.66   0.974       0.00       0.00       0.00      0.20
   456  seq455        71        1       69     no     74.65   0.969       0.00       0.00       0.00      0.26
   457  seq456        71        1       69     no     63.76   0.975       0.00       0.00       0.00      0.25
   458  seq457        71        1       69     no     80.00   0.980       0.00       0.00       0.00      0.22
   459  seq458        71        1       69     no     83.56   0.980       0.00       0.00       0.00      0.20
   460  seq459        71        1       69     no     76.72   0.970       0.00       0.00       0.00      0.26
   461  seq460        73        1       69     no     54.10   0.953       0.00       0.00       0.00      0.33
   462  seq461        71        1       69     no     61.71   0.969       0.00       0.00       0.00      0.27
   463  seq462        71        1       69     no     80.67   0.985       0.00       0.00       0.00      0.20
   464  seq463        71        1       69     no     82.71   0.980       0.00       0.00       0.00      0.20
   465  seq464        71        1       69     no     66.97   0.974       0.00       0.00       0.00      0.23
   466  seq465        71        1       69     no     76.15   0.977       0.00       0.00       0.00      0.29
   467  seq466        71        1       69     no     77.16   0.978       0.00       0.00       0.00      0.27
   468  seq467        72        1       69     no     77.53   0.967       0.00       0.00       0.00      0.24
   469  seq468        71        1       69     no     70.55   0.972       0.00       0.00       0.00      0.27
   470  seq469        71        1       69     no     74.13   0.983       0.00       0.00       0.00      0.23
   471  seq470        71        1       69     no     71.03   0.975       0.00       0.00       0.00      0.25
   472  seq471        71        1       69     no     71.63   0.980       0.00       0.00       0.00      0.22
   473  seq472        71        1       69     no     79.40   0.984       0.00       0.00       0.00      0.28
   474  seq473        71        1       69     no     73.07   0.972       0.00       0.00       0.00      0.25
   475  seq474        71        1       69     no     77.20   0.977       0.00       0.00       0.00      0.22
   476  seq475        71        1       69     no     67.02   0.978       0.00       0.00       0.00      0.30
   477  seq476        71        1       69     no     79.34   0.973       0.00       0.00       0.00      0.22
   478  seq477        71        1       69     no     73.85   0.980       0.00       0.00       0.00      0.28
   479  seq478        71        1       69     no     69.75   0.973       0.00       0.00       0.00      0.26
   480  seq479        71        1       69     no     69.49   0.971       0.00       0.00       0.00      0.28
   481  seq480        71        1       69     no     65.98   0.980       0.00       0.00       0.00      0.31
   482  seq481        71        1       69     no     69.70   0.980       0.00       0.00       0.00      0.26
   483  seq482        71        1       69     no     76.37   0.984       0.00       0.00       0.00      0.21
   484  seq483        71        1       69     no     76.15   0.977       0.00       0.00       0.00      0.21
   485  seq484        71        1       69     no     83.89   0.978       0.00       0.00       0.00      0.20
   486  seq485        71        1       69     no     77.34   0.964       0.00       0.00       0.00      0.22
   487  seq486        71        1       69     no     72.55   0.974       0.00       0.00       0.00      0.26
   488  seq487        71        1       69     no     71.79   0.980       0.00       0.00       0.00      0.23
   489  seq488        72        1       69     no     78.64   0.987       0.00       0.00       0.00      0.26
   490  seq489        71        1       69     no     75.48   0.978       0.00       0.00       0.00      0.23
   491  seq490        71        1       69     no     62.92   0.977       0.00       0.00       0.00      0.34
   492  seq491        71        1       69     no     75.39   0.982       0.00       0.00       0.00      0.25
   493  seq492        71        1       69     no     80.20   0.973       0.00       0.00       0.00      0.24
   494  seq493        71        1       69     no     78.78   0.973       0.00       0.00       0.00      0.24
   495  seq494        71        1       69     no     78.61   0.980       0.00       0.00       0.00      0.21
   496  seq495        71        1       69     no     74.79   0.979       0.00       0.00       0.00      0.25
   497  seq496        71        1       69     no     79.30   0.970       0.00       0.00       0.00      0.24
   498  seq497        71        1       69     no     78.49   0.977       0.00       0.00       0.00      0.22
   499  seq498        71        1       69     no     74.55   0.972       0.00       0.00       0.00      0.27
   500  seq499        71        1       69     no     78.86   0.978       0.00       0.00       0.00      0.28
   501  seq500        71        1       69     no     76.46   0.980       0.00       0.00       0.00      0.25
   502  seq501        71        1       69     no     78.22   0.975       0.00       0.00       0.00      0.24
   503  seq502        71        1       69     no     57.95   0.971       0.00       0.00       0.00      0.23
   504  seq503        71        1       69     no     79.75   0.977       0.00       0.00       0.00      0.23
   505  seq504        71        1       69     no     80.65   0.975       0.00       0.00       0.00      0.21
   506  seq505        71        1       69     no     72.74   0.965       0.00       0.00       0.00      0.22
   507  seq506        71        1       69     no     78.42   0.980       0.00       0.00       0.00      0.21
   508  seq507        71        1       69     no     76.25   0.972       0.00       0.00       0.00      0.22
   509  seq508        95        1       18     no     -6.29   0.903       0.00       0.01       0.01      2.37
   510  seq509        71        1       69     no     70.29   0.978       0.00       0.00       0.00      0.26
   511  seq510        71        1       69     no     78.19   0.975       0.00       0.00       0.00      0.21
   512  seq511        71        1       69     no     75.93   0.978       0.00       0.00       0.00      0.21
   513  seq512        71        1       69     no     72.76   0.980       0.00       0.00       0.00      0.31
   514  seq513        71        1       69     no     69.00   0.973       0.00       0.00       0.00      0.29
   515  seq514        71        1       69     no     76.32   0.982       0.00       0.00       0.00      0.26
   516  seq515        71        1       69     no     71.51   0.980       0.00       0.00       0.00      0.23
   517  seq516        71        1       69     no     68.65   0.974       0.00       0.00       0.00      0.22
   518  seq517        71        1       69     no     72.80   0.982       0.00       0.00       0.00      0.25
   519  seq518        72        1       69     no     69.77   0.977       0.00       0.00       0.00      0.27
   520  seq519        71        1       69     no     70.92   0.978       0.00       0.00       0.00      0.25
   521  seq520        71        1       69     no     70.30   0.978       0.00       0.00       0.00      0.25
   522  seq521        71        1       69     no     68.15   0.974       0.00       0.00       0.00      0.31
   523  seq522        71        1       69     no     57.00   0.979       0.00       0.00       0.00      0.28
   524  seq523        71        1       69     no     76.34   0.978       0.00       0.00       0.00      0.22
   525  seq524        71        1       69     no     70.16   0.978       0.00       0.00       0.00      0.25
   526  seq525        71        1       69     no     74.64   0.983       0.00       0.00       0.00      0.29
   527  seq526        71        1       69     no     65.46   0.982       0.00       0.00       0.00      0.24
   528  seq527        71        1       69     no     76.05   0.982       0.00       0.00       0.00      0.22
   529  seq528        71        1       69     no     74.20   0.980       0.00       0.00       0.00      0.25
   530  seq529        71        1       69     no     68.74   0.982       0.00       0.00       0.00      0.27
   531  seq530        71        1       69     no     63.82   0.975       0.00       0.00       0.00      0.31
   532  seq531        71        1       69     no     74.38   0.973       0.00       0.00       0.00      0.23
   533  seq532        71        1       69     no     76.16   0.977       0.00       0.00       0.00      0.26
   534  seq533        71        1       69     no     79.83   0.975       0.00       0.00       0.00      0.23
   535  seq534        71        1       69     no     71.25   0.969       0.00       0.00       0.00      0.24
   536  seq535        71        1       69     no     71.58   0.977       0.00       0.00       0.00      0.24
   537  seq536        71        1       69     no     76.46   0.971       0.00       0.00       0.00      0.27
   538  seq537        71        1       69     no     77.20   0.979       0.00       0.00       0.00      0.21
   539  seq538        71        1       69     no     67.24   0.970       0.00       0.00       0.00      0.28
   540  seq539        71        1       69     no     80.82   0.978       0.00       0.00       0.00      0.22
   541  seq540        79        1       69     no     31.86   0.863       0.00       0.00       0.00      0.48
   542  seq541        71        1       69     no     77.56   0.978       0.00       0.00       0.00      0.24
   543  seq542        71        1       69     no     79.23   0.978       0.00       0.00       0.00      0.21
   544  seq543        71        1       69     no     76.48   0.980       0.00       0.00       0.00      0.21
   545  seq544        71        1       69     no     73.74   0.972       0.00       0.00       0.00      0.26
   546  seq545        71        1       69     no     72.77   0.975       0.00       0.00       0.00      0.27
   547  seq546        72        1       69     no     68.12   0.978       0.00       0.00       0.00      0.27
   548  seq547        71        1       69     no     80.94   0.981       0.00       0.00       0.00      0.21
   549  seq548        71        1       69     no     73.26   0.981       0.00       0.00       0.00      0.25
   550  seq549        71        1       69     no     76.14   0.982       0.00       0.00       0.00      0.23
   551  seq550        72        1       69     no     69.38   0.980       0.00       0.00       0.00      0.29
   552  seq551        71        1       69     no     76.69   0.979       0.00       0.00       0.00      0.22
   553  seq552        71        1       69     no     71.25   0.966       0.00       0.00       0.00      0.23
   554  seq553        71        1       69     no     73.18   0.985       0.00       0.00       0.00      0.30
   555  seq554        71        1       69     no     76.24   0.977       0.00       0.00       0.00      0.27
   556  seq555        71        1       69     no     63.24   0.982       0.00       0.00       0.00      0.31
   557  seq556        71        1       69     no     66.85   0.971       0.00       0.00       0.00      0.31
   558  seq557        72        1       69     no     78.94   0.978       0.00       0.00       0.00      0.22
   559  seq558        71        1       69     no     70.19   0.980       0.00       0.00       0.00      0.24
   560  seq559        71        1       69     no     65.33   0.969       0.00       0.00       0.00      0.26
   561  seq560        71        1       69     no     74.56   0.977       0.00       0.00       0.00      0.29
   562  seq561        71        1       69     no     78.15   0.983       0.00       0.00       0.00      0.21
   563  seq562        71        1       69     no     81.24   0.977       0.00       0.00       0.00      0.22
   564  seq563       112        1       69     no     -5.91   0.915       0.00       0.02       0.02      3.13
   565  seq564        71        1       69     no     75.00   0.972       0.00       0.00       0.00      0.23
   566  seq565        71        1       69     no     74.75   0.978       0.00       0.00       0.00      0.27
   567  seq566        71        1       69     no     75.86   0.980       0.00       0.00       0.00      0.24
   568  seq567        71        1       69     no     73.85   0.980       0.00       0.00       0.00      0.22
   569  seq568        71        1       69     no     75.61   0.980       0.00       0.00       0.00      0.26
   570  seq569        71        1       69     no     72.57   0.981       0.00       0.00       0.00      0.25
   571  seq570        71        1       69     no     73.07   0.977       0.00       0.00       0.00      0.31
   572  seq571        71        1       69     no     75.46   0.979       0.00       0.00       0.00      0.24
   573  seq572        71        1       69     no     67.50   0.979       0.00       0.00       0.00      0.29
   574  seq573        71        1       69     no     77.09   0.975       0.00       0.00       0.00      0.27
   575  seq574        71        1       69     no     73.02   0.977       0.00       0.00       0.00      0.23
   576  seq575        71        1       69     no     73.66   0.969       0.00       0.00       0.00      0.22
   577  seq576        71        1       69     no     76.35   0.978       0.00       0.00       0.00      0.22
   578  seq577        71        1       69     no     81.05   0.977       0.00       0.00       0.00      0.22
   579  seq578        71        1       69     no     79.57   0.980       0.00       0.00       0.00      0.26
   580  seq579        71        1       69     no     79.48   0.985       0.00       0.00       0.00      0.21
   581  seq580        71        1       69     no     67.60   0.972       0.00       0.00       0.00      0.29
   582  seq581        71        1       69     no     78.16   0.979       0.00       0.00       0.00      0.22
   583  seq582        93        1       69     no      7.42   0.676       0.00       0.01       0.01      1.96
   584  seq583        71        1       69     no     66.98   0.988       0.00       0.00       0.00      0.28
   585  seq584        71        1       69     no     75.20   0.973       0.00       0.00       0.00      0.23
   586  seq585        71        1       69     no     78.13   0.984       0.00       0.00       0.00      0.22
   587  seq586        71        1       69     no     74.77   0.988       0.00       0.00       0.00      0.28
   588  seq587        71        1       69     no     68.56   0.966       0.00       0.00       0.00      0.23
   589  seq588        71        1       69     no     83.58   0.980       0.00       0.00       0.00      0.20
   590  seq589        71        1       69     no     72.35   0.973       0.00       0.00       0.00      0.27
   591  seq590        71        1       69     no     77.49   0.978       0.00       0.00       0.00      0.27
   592  seq591        72        1       69     no     73.53   0.975       0.00       0.00       0.00      0.23
   593  seq592        71        1       69     no     77.44   0.984       0.00       0.00       0.00      0.22
   594  seq593        71        1       69     no     74.78   0.975       0.00       0.00       0.00      0.22
   595  seq594        71        1       69     no     70.47   0.974       0.00       0.00       0.00      0.25
   596  seq595        71        1       69     no     78.21   0.974       0.00       0.00       0.00      0.21
   597  seq596        71        1       69     no     65.98   0.972       0.00       0.00       0.00      0.28
   598  seq597        71        1       69     no     77.93   0.978       0.00       0.00       0.00      0.22
   599  seq598        71        1       69     no     71.24   0.970       0.00       0.00       0.00      0.23
   600  seq599        71        1       69     no     66.48   0.980       0.00       0.00       0.00      0.26
   601  seq600        71        1       69     no     71.26   0.978       0.00       0.00       0.00      0.25
   602  seq601        71        1       69     no     79.96   0.980       0.00       0.00       0.00      0.20
   603  seq602        71        1       69     no     80.04   0.978       0.00       0.00       0.00      0.23
   604  seq603        71        1       69     no     71.72   0.978       0.00       0.00       0.00      0.26
   605  seq604        71        1       69     no     71.17   0.977       0.00       0.00       0.00      0.24
   606  seq605        71        1       69     no     63.80   0.977       0.00       0.00       0.00      0.31
   607  seq606        71        1       69     no     78.73   0.981       0.00       0.00       0.00      0.23
   608  seq607        71        1       69     no     78.30   0.975       0.00       0.00       0.00      0.22
   609  seq608        71        1       69     no     62.07   0.964       0.00       0.00       0.00      0.28
   610  seq609        71        1       69     no     75.41   0.980       0.00       0.00       0.00      0.29
   611  seq610        71        1       69     no     68.14   0.969       0.00       0.00       0.00      0.26
   612  seq611        71        1       69     no     82.68   0.980       0.00       0.00       0.00      0.23
   613  seq612        71        1       69     no     83.52   0.975       0.00       0.00       0.00      0.21
   614  seq613        71        1       69     no     76.73   0.982       0.00       0.00       0.00      0.27
   615  seq614        72        1       69     no     75.61   0.984       0.00       0.00       0.00      0.24
   616  seq615        71        1       69     no     77.55   0.960       0.00       0.00       0.00      0.24
   617  seq616        71        1       69     no     76.31   0.970       0.00       0.00       0.00      0.27
   618  seq617        71        1       69     no     77.76   0.978       0.00       0.00       0.00      0.24
   619  seq618        71        1       69     no     72.89   0.977       0.00       0.00       0.00      0.24
   620  seq619        71        1       69     no     69.45   0.983       0.00       0.00       0.00      0.29
   621  seq620        71        1       69     no     69.58   0.979       0.00       0.00       0.00      0.25
   622  seq621        71        1       69     no     72.67   0.977       0.00       0.00       0.00      0.26
   623  seq622        71        1       69     no     69.91   0.965       0.00       0.00       0.00      0.28
   624  seq623        71        1       69     no     79.66   0.982       0.00       0.00       0.00      0.20
   625  seq624        71        1       69     no     76.21   0.974       0.00       0.00       0.00      0.28
   626  seq625        72        1       69     no     73.06   0.986       0.00       0.00       0.00      0.27
   627  seq626        71        1       69     no     73.10   0.984       0.00       0.00       0.00      0.24
   628  seq627        72        1       69     no     75.39   0.984       0.00       0.00       0.00      0.26
   629  seq628        71        1       69     no     75.78   0.976       0.00       0.00       0.00      0.24
   630  seq629        71        1       69     no     72.47   0.980       0.00       0.00       0.00      0.29
   631  seq630        71        1       69     no     76.56   0.972       0.00       0.00       0.00      0.25
   632  seq631        71        1       69     no     74.20   0.978       0.00       0.00       0.00      0.23
   633  seq632        71        1       69     no     78.84   0.978       0.00       0.00       0.00      0.24
   634  seq633        71        1       69     no     58.24   0.973       0.00       0.00       0.00      0.32
   635  seq634        71        1       69     no     77.04   0.975       0.00       0.00       0.00      0.23
   636  seq635        71        1       69     no     76.05   0.975       0.00       0.00       0.00      0.27
   637  seq636        71        1       69     no     79.39   0.967       0.00       0.00       0.00      0.26
   638  seq637        71        1       69     no     71.73   0.973       0.00       0.00       0.00      0.22
   639  seq638        71        1       69     no     77.94   0.966       0.00       0.00       0.00      0.27
   640  seq639        71        1       69     no     66.99   0.978       0.00       0.00       0.00      0.30
   641  seq640        71        1       69     no     67.52   0.976       0.00       0.00       0.00      0.30
   642  seq641        71        1       69     no     77.74   0.973       0.00       0.00       0.00      0.23
   643  seq642        71        1       69     no     74.46   0.971       0.00       0.00       0.00      0.25
   644  seq643        72        1       69     no     72.26   0.980       0.00       0.00       0.00      0.22
   645  seq644        71        1       69     no     70.32   0.974       0.00       0.00       0.00      0.29
   646  seq645        71        1       69     no     74.20   0.980       0.00       0.00       0.00      0.26
   647  seq646        71        1       69     no     68.11   0.974       0.00       0.00       0.00      0.30
   648  seq647        71        1       69     no     77.01   0.980       0.00       0.00       0.00      0.22
   649  seq648        71        1       69     no     70.92   0.978       0.00       0.00       0.00      0.30
   650  seq649        71        1       69     no     76.31   0.978       0.00       0.00       0.00      0.23
   651  seq650        71        1       69     no     77.47   0.980       0.00       0.00       0.00      0.24
   652  seq651        71        1       69     no     80.87   0.978       0.00       0.00       0.00      0.24
   653  seq652        71        1       69     no     64.88   0.965       0.00       0.00       0.00      0.35
   654  seq653        71        1       69     no     70.75   0.979       0.00       0.00       0.00      0.27
   655  seq654        71        1       69     no     75.57   0.980       0.00       0.00       0.00      0.22
   656  seq655        71        1       69     no     73.02   0.982       0.00       0.00       0.00      0.28
   657  seq656        71        1       69     no     71.22   0.980       0.00       0.00       0.00      0.27
   658  seq657        71        1       69     no     68.44   0.977       0.00       0.00       0.00      0.26
   659  seq658        72        1       69     no     70.74   0.985       0.00       0.00       0.00      0.26
   660  seq659        71        1       69     no     81.70   0.984       0.00       0.00       0.00      0.21
   661  seq660        71        1       69     no     73.07   0.970       0.00       0.00       0.00      0.27
   662  seq661        71        1       69     no     78.41   0.986       0.00       0.00       0.00      0.29
   663  seq662        71        1       69     no     73.00   0.977       0.00       0.00       0.00      0.24
   664  seq663        71        1       69     no     80.72   0.981       0.00       0.00       0.00      0.28
   665  seq664        71        1       69     no     72.79   0.978       0.00       0.00       0.00      0.25
   666  seq665        71        1       69     no     72.75   0.973       0.00       0.00       0.00      0.27
   667  seq666        71        1       69     no     75.22   0.978       0.00       0.00       0.00      0.27
   668  seq667        71        1       69     no     76.53   0.978       0.00       0.00       0.00      0.26
   669  seq668        72        1       69     no     79.09   0.973       0.00       0.00       0.00      0.24
   670  seq669        71        1       69     no     75.95   0.982       0.00       0.00       0.00      0.25
   671  seq670       118        1       16     no    -11.50   0.918       0.00       0.02       0.02      3.02
   672  seq671        71        1       69     no     64.73   0.976       0.00       0.00       0.00      0.31
   673  seq672        71        1       69     no     78.45   0.977       0.00       0.00       0.00      0.23
   674  seq673        71        1       69     no     71.95   0.971       0.00       0.00       0.00      0.24
   675  seq674        71        1       69     no     71.16   0.981       0.00       0.00       0.00      0.25
   676  seq675        71        1       69     no     78.38   0.982       0.00       0.00       0.00      0.23
   677  seq676        71        1       69     no     78.28   0.978       0.00       0.00       0.00      0.20
   678  seq677        71        1       69     no     77.42   0.984       0.00       0.00       0.00      0.23
   679  seq678        71        1       69     no     68.89   0.968       0.00       0.00       0.00      0.32
   680  seq679        71        1       69     no     71.72   0.980       0.00       0.00       0.00      0.26
   681  seq680        71        1       69     no     75.93   0.982       0.00       0.00       0.00      0.27
   682  seq681        71        1       69     no     68.05   0.967       0.00       0.00       0.00      0.24
   683  seq682        71        1       69     no     69.91   0.976       0.00       0.00       0.00      0.27
   684  seq683        71        1       69     no     79.78   0.978       0.00       0.00       0.00      0.21
   685  seq684        71        1       69     no     75.83   0.977       0.00       0.00       0.00      0.25
   686  seq685        71        1       69     no     72.97   0.980       0.00       0.00       0.00      0.23
   687  seq686        71        1       69     no     75.46   0.978       0.00       0.00       0.00      0.24
   688  seq687        71        1       69     no     73.40   0.984       0.00       0.00       0.00      0.24
   689  seq688        71        1       69     no     75.46   0.980       0.00       0.00       0.00      0.25
   690  seq689        71        1       69     no     72.13   0.977       0.00       0.00       0.00      0.23
   691  seq690        71        1       69     no     79.77   0.978       0.00       0.00       0.00      0.26
   692  seq691        71        1       69     no     77.46   0.984       0.00       0.00       0.00      0.24
   693  seq692        71        1       69     no     77.42   0.981       0.00       0.00       0.00      0.24
   694  seq693        71        1       69     no     75.34   0.975       0.00       0.00       0.00      0.24
   695  seq694        71        1       69     no     80.14   0.978       0.00       0.00       0.00      0.20
   696  seq695        72        1       69     no     71.74   0.971       0.00       0.00       0.00      0.23
   697  seq696        71        1       69     no     79.68   0.981       0.00       0.00       0.00      0.23
   698  seq697        71        1       69     no     72.33   0.979       0.00       0.00       0.00      0.22
   699  seq698        71        1       69     no     79.36   0.967       0.00       0.00       0.00      0.24
   700  seq699        71        1       69     no     65.58   0.965       0.00       0.00       0.00      0.25
   701  seq700        71        1       69     no     67.14   0.977       0.00       0.00       0.00      0.24
   702  seq701        71        1       69     no     74.43   0.979       0.00       0.00       0.00      0.24
   703  seq702       111        1       18     no     -7.52   0.912       0.00       0.02       0.02      3.04
   704  seq703        71        1       69     no     83.70   0.983       0.00       0.00       0.00      0.20
   705  seq704        71        1       69     no     74.44   0.979       0.00       0.00       0.00      0.28
   706  seq705        71        1       69     no     70.99   0.978       0.00       0.00       0.00      0.27
   707  seq706        71        1       69     no     68.52   0.978       0.00       0.00       0.00      0.22
   708  seq707        71        1       69     no     67.54   0.975       0.00       0.00       0.00      0.24
   709  seq708        71        1       69     no     62.73   0.970       0.00       0.00       0.00      0.25
   710  seq709        71        1       69     no     74.26   0.975       0.00       0.00       0.00      0.24
   711  seq710        71        1       69     no     72.55   0.980       0.00       0.00       0.00      0.27
   712  seq711        71        1       69     no     79.87   0.982       0.00       0.00       0.00      0.20
   713  seq712        71        1       69     no     73.32   0.975       0.00       0.00       0.00      0.25
   714  seq713        71        1       69     no     75.91   0.979       0.00       0.00       0.00      0.26
   715  seq714        71        1       69     no     69.14   0.978       0.00       0.00       0.00      0.24
   716  seq715        71        1       69     no     72.84   0.984       0.00       0.00       0.00      0.22
   717  seq716        71        1       69     no     78.86   0.971       0.00       0.00       0.00      0.22
   718  seq717        71        1       69     no     78.92   0.969       0.00       0.00       0.00      0.21
   719  seq718        71        1       69     no     74.54   0.977       0.00       0.00       0.00      0.24
   720  seq719        71        1       69     no     73.12   0.985       0.00       0.00       0.00      0.24
   721  seq720        71        1       69     no     79.52   0.973       0.00       0.00       0.00      0.26
   722  seq721        71        1       69     no     82.42   0.980       0.00       0.00       0.00      0.21
   723  seq722        71        1       69     no     78.80   0.976       0.00       0.00       0.00      0.22
   724  seq723        71        1       69     no     66.56   0.967       0.00       0.00       0.00      0.27
   725  seq724        71        1       69     no     72.03   0.968       0.00       0.00       0.00      0.24
   726  seq725        71        1       69     no     71.08   0.975       0.00       0.00       0.00      0.27
   727  seq726        71        1       69     no     74.00   0.978       0.00       0.00       0.00      0.28
   728  seq727        71        1       69     no     70.62   0.979       0.00       0.00       0.00      0.26
   729  seq728        71        1       69     no     66.67   0.978       0.00       0.00       0.00      0.37
   730  seq729        71        1       69     no     70.98   0.981       0.00       0.00       0.00      0.28
   731  seq730        71        1       69     no     78.54   0.972       0.00       0.00       0.00      0.21
   732  seq731        71        1       69     no     79.94   0.980       0.00       0.00       0.00      0.22
   733  seq732        71        1       69     no     69.22   0.978       0.00       0.00       0.00      0.28
   734  seq733        71        1       69     no     76.13   0.975       0.00       0.00       0.00      0.26
   735  seq734        71        1       69     no     85.36   0.977       0.00       0.00       0.00      0.20
   736  seq735        71        1       69     no     83.67   0.979       0.00       0.00       0.00      0.22
   737  seq736        71        1       69     no     74.02   0.982       0.00       0.00       0.00      0.23
   738  seq737        71        1       69     no     71.60   0.977       0.00       0.00       0.00      0.25
   739  seq738        71        1       69     no     72.93   0.974       0.00       0.00       0.00      0.25
   740  seq739        71        1       69     no     69.01   0.974       0.00       0.00       0.00      0.25
   741  seq740        71        1       69     no     78.46   0.980       0.00       0.00       0.00      0.20
   742  seq741        71        1       69     no     69.95   0.975       0.00       0.00       0.00      0.26
   743  seq742        71        1       69     no     76.12   0.984       0.00       0.00       0.00      0.26
   744  seq743        72        1       69     no     69.59   0.980       0.00       0.00       0.00      0.25
   745  seq744        72        1       69     no     71.84   0.974       0.00       0.00       0.00      0.27
   746  seq745        71        1       69     no     82.20   0.973       0.00       0.00       0.00      0.20
   747  seq746        71        1       69     no     80.21   0.971       0.00       0.00       0.00      0.23
   748  seq747        71        1       69     no     74.09   0.975       0.00       0.00       0.00      0.25
   749  seq748        71        1       69     no     68.77   0.982       0.00       0.00       0.00      0.26
   750  seq749        71        1       69     no     76.47   0.971       0.00       0.00       0.00      0.24
   751  seq750        71        1       69     no     82.70   0.980       0.00       0.00       0.00      0.20
   752  seq751        71        1       69     no     70.27   0.980       0.00       0.00       0.00      0.26
   753  seq752        71        1       69     no     74.28   0.977       0.00       0.00       0.00      0.25
   754  seq753        71        1       69     no     73.93   0.970       0.00       0.00       0.00      0.24
   755  seq754        71        1       69     no     69.75   0.968       0.00       0.00       0.00      0.26
   756  seq755        71        1       69     no     79.41   0.978       0.00       0.00       0.00      0.23
   757  seq756        71        1       69     no     76.74   0.976       0.00       0.00       0.00      0.22
   758  seq757        71        1       69     no     79.37   0.975       0.00       0.00       0.00      0.24
   759  seq758        71        1       69     no     71.34   0.977       0.00       0.00       0.00      0.27
   760  seq759        72        1       69     no     73.24   0.977       0.00       0.00       0.00      0.28
   761  seq760        71        1       69     no     68.14   0.976       0.00       0.00       0.00      0.28
   762  seq761        71        1       69     no     71.11   0.974       0.00       0.00       0.00      0.22
   763  seq762        71        1       69     no     76.08   0.978       0.00       0.00       0.00      0.21
   764  seq763        71        1       69     no     79.14   0.968       0.00       0.00       0.00      0.21
   765  seq764        71        1       69     no     72.88   0.983       0.00       0.00       0.00      0.24
   766  seq765        71        1       69     no     78.24   0.978       0.00       0.00       0.00      0.24
   767  seq766        71        1       69     no     76.93   0.980       0.00       0.00       0.00      0.24
   768  seq767        71        1       69     no     77.09   0.978       0.00       0.00       0.00      0.23
   769  seq768        71        1       69     no     74.54   0.975       0.00       0.00       0.00      0.24
   770  seq769        71        1       69     no     75.27   0.966       0.00       0.00       0.00      0.24
   771  seq770        71        1       69     no     74.24   0.972       0.00       0.00       0.00      0.24
   772  seq771        71        1       69     no     68.22   0.978       0.00       0.00       0.00      0.25
   773  seq772        71        1       69     no     79.19   0.975       0.00       0.00       0.00      0.24
   774  seq773        71        1       69     no     77.74   0.974       0.00       0.00       0.00      0.23
   775  seq774        71        1       69     no     79.26   0.977       0.00       0.00       0.00      0.27
   776  seq775        71        1       69     no     79.13   0.968       0.00       0.00       0.00      0.27
   777  seq776        71        1       69     no     75.27   0.974       0.00       0.00       0.00      0.24
   778  seq777        71        1       69     no     69.19   0.980       0.00       0.00       0.00      0.34
   779  seq778        71        1       69     no     81.72   0.978       0.00       0.00       0.00      0.23
   780  seq779        71        1       69     no     74.00   0.983       0.00       0.00       0.00      0.28
   781  seq780        71        1       69     no     72.15   0.978       0.00       0.00       0.00      0.31
   782  seq781        71        1       69     no     72.83   0.977       0.00       0.00       0.00      0.25
   783  seq782        71        1       69     no     77.41   0.972       0.00       0.00       0.00      0.23
   784  seq783        71        1       69     no     76.14   0.982       0.00       0.00       0.00      0.23
   785  seq784        71        1       69     no     68.79   0.970       0.00       0.00       0.00      0.25
   786  seq785        71        1       69     no     84.16   0.982       0.00       0.00       0.00      0.20
   787  seq786        71        1       69     no     72.81   0.980       0.00       0.00       0.00      0.24
   788  seq787        71        1       69     no     67.79   0.969       0.00       0.00       0.00      0.26
   789  seq788        71        1       69     no     78.83   0.979       0.00       0.00       0.00      0.23
   790  seq789        71        1       69     no     79.22   0.979       0.00       0.00       0.00      0.24
   791  seq790        71        1       69     no     74.49   0.970       0.00       0.00       0.00      0.21
   792  seq791        71        1       69     no     77.65   0.975       0.00       0.00       0.00      0.21
   793  seq792        71        1       69     no     73.79   0.986       0.00       0.00       0.00      0.25
   794  seq793        71        1       69     no     75.73   0.977       0.00       0.00       0.00      0.24
   795  seq794        71        1       69     no     71.51   0.978       0.00       0.00       0.00      0.25
   796  seq795        71        1       69     no     81.87   0.975       0.00       0.00       0.00      0.21
   797  seq796        71        1       69     no     72.12   0.985       0.00       0.00       0.00      0.22
   798  seq797        71        1       69     no     71.90   0.985       0.00       0.00       0.00      0.25
   799  seq798        71        1       69     no     77.05   0.978       0.00       0.00       0.00      0.25
   800  seq799        71        1       69     no     75.94   0.970       0.00       0.00       0.00      0.25
   801  seq800        71        1       69     no     67.83   0.982       0.00       0.00       0.00      0.29
   802  seq801        71        1       69     no     79.61   0.980       0.00       0.00       0.00      0.21
   803  seq802        71        1       69     no     70.96   0.978       0.00       0.00       0.00      0.22
   804  seq803        71        1       69     no     66.61   0.980       0.00       0.00       0.00      0.29
   805  seq804        71        1       69     no     61.25   0.964       0.00       0.00       0.00      0.23
   806  seq805        71        1       69     no     73.32   0.977       0.00       0.00       0.00      0.25
   807  seq806        71        1       69     no     73.68   0.972       0.00       0.00       0.00      0.23
   808  seq807        71        1       69     no     77.59   0.972       0.00       0.00       0.00      0.21
   809  seq808        71        1       69     no     78.07   0.972       0.00       0.00       0.00      0.25
   810  seq809        71        1       69     no     74.16   0.986       0.00       0.00       0.00      0.26
   811  seq810        71        1       69     no     68.06   0.977       0.00       0.00       0.00      0.26
   812  seq811        71        1       69     no     69.39   0.980       0.00       0.00       0.00      0.26
   813  seq812        71        1       69     no     77.73   0.980       0.00       0.00       0.00      0.21
   814  seq813        96        1       69     no      2.64   0.891       0.00       0.01       0.01      2.21
   815  seq814        71        1       69     no     74.51   0.980       0.00       0.00       0.00      0.21
   816  seq815        71        1       69     no     75.27   0.979       0.00       0.00       0.00      0.23
   817  seq816        71        1       69     no     66.62   0.974       0.00       0.00       0.00      0.31
   818  seq817        72        1       69     no     74.20   0.978       0.00       0.00       0.00      0.25
   819  seq818        71        1       69     no     64.40   0.979       0.00       0.00       0.00      0.27
   820  seq819        71        1       69     no     79.71   0.980       0.00       0.00       0.00      0.21
   821  seq820        71        1       69     no     76.79   0.975       0.00       0.00       0.00      0.24
   822  seq821        71        1       69     no     72.52   0.971       0.00       0.00       0.00      0.23
   823  seq822        71        1       69     no     74.80   0.980       0.00       0.00       0.00      0.25
   824  seq823        80        1       69     no     25.66   0.879       0.00       0.00       0.00      0.43
   825  seq824        71        1       69     no     72.64   0.977       0.00       0.00       0.00      0.25
   826  seq825        71        1       69     no     74.87   0.974       0.00       0.00       0.00      0.27
   827  seq826        71        1       69     no     76.56   0.976       0.00       0.00       0.00      0.24
   828  seq827        71        1       69     no     70.92   0.964       0.00       0.00       0.00      0.29
   829  seq828        71        1       69     no     74.16   0.977       0.00       0.00       0.00      0.23
   830  seq829        71        1       69     no     78.71   0.978       0.00       0.00       0.00      0.26
   831  seq830        71        1       69     no     71.69   0.969       0.00       0.00       0.00      0.25
   832  seq831        71        1       69     no     69.25   0.980       0.00       0.00       0.00      0.23
   833  seq832        71        1       69     no     78.85   0.980       0.00       0.00       0.00      0.22
   834  seq833        71        1       69     no     65.74   0.968       0.00       0.00       0.00      0.23
   835  seq834        71        1       69     no     75.76   0.973       0.00       0.00       0.00      0.26
   836  seq835        71        1       69     no     76.62   0.972       0.00       0.00       0.00      0.23
   837  seq836        71        1       69     no     68.21   0.965       0.00       0.00       0.00      0.30
   838  seq837        71        1       69     no     70.06   0.981       0.00       0.00       0.00      0.27
   839  seq838        71        1       69     no     79.34   0.983       0.00       0.00       0.00      0.29
   840  seq839       103        1       69     no     -5.82   0.783       0.00       0.01       0.01      2.43
   841  seq840        71        1       69     no     72.67   0.983       0.00       0.00       0.00      0.31
   842  seq841        71        1       69     no     73.10   0.975       0.00       0.00       0.00      0.29
   843  seq842        71        1       69     no     78.29   0.968       0.00       0.00       0.00      0.22
   844  seq843        77        1       69     no     34.55   0.884       0.00       0.00       0.00      0.38
   845  seq844        71        1       69     no     74.27   0.976       0.00       0.00       0.00      0.26
   846  seq845        71        1       69     no     71.27   0.977       0.00       0.00       0.00      0.28
   847  seq846       113        1       17     no     -9.96   0.903       0.00       0.02       0.02      3.19
   848  seq847        71        1       69     no     66.99   0.965       0.00       0.00       0.00      0.26
   849  seq848        71        1       69     no     59.77   0.967       0.00       0.00       0.00      0.25
   850  seq849        71        1       69     no     68.03   0.981       0.00       0.00       0.00      0.27
   851  seq850        72        1       69     no     67.64   0.954       0.00       0.00       0.00      0.25
   852  seq851        71        1       69     no     74.26   0.978       0.00       0.00       0.00      0.23
   853  seq852        71        1       69     no     67.75   0.977       0.00       0.00       0.00      0.28
   854  seq853        71        1       69     no     79.45   0.978       0.00       0.00       0.00      0.26
   855  seq854        71        1       69     no     67.80   0.974       0.00       0.00       0.00      0.27
   856  seq855        71        1       69     no     63.02   0.979       0.00       0.00       0.00      0.30
   857  seq856        71        1       69     no     79.22   0.980       0.00       0.00       0.00      0.20
   858  seq857        71        1       69     no     68.83   0.979       0.00       0.00       0.00      0.25
   859  seq858        71        1       69     no     71.23   0.978       0.00       0.00       0.00      0.24
   860  seq859        71        1       69     no     78.97   0.966       0.00       0.00       0.00      0.24
   861  seq860        71        1       69     no     73.67   0.974       0.00       0.00       0.00      0.23
   862  seq861        71        1       69     no     71.38   0.980       0.00       0.00       0.00      0.26
   863  seq862        71        1       69     no     73.88   0.982       0.00       0.00       0.00      0.28
   864  seq863        71        1       69     no     76.43   0.981       0.00       0.00       0.00      0.25
   865  seq864        71        1       69     no     73.59   0.973       0.00       0.00       0.00      0.21
   866  seq865        71        1       69     no     72.33   0.978       0.00       0.00       0.00      0.24
   867  seq866        71        1       69     no     75.38   0.971       0.00       0.00       0.00      0.27
   868  seq867        71        1       69     no     67.28   0.977       0.00       0.00       0.00      0.27
   869  seq868        71        1       69     no     71.25   0.986       0.00       0.00       0.00      0.27
   870  seq869        71        1       69     no     84.54   0.980       0.00       0.00       0.00      0.21
   871  seq870        71        1       69     no     76.78   0.984       0.00       0.00       0.00      0.21
   872  seq871        71        1       69     no     76.59   0.975       0.00       0.00       0.00      0.23
   873  seq872        71        1       69     no     72.49   0.977       0.00       0.00       0.00      0.25
   874  seq873        71        1       69     no     72.33   0.972       0.00       0.00       0.00      0.28
   875  seq874        71        1       69     no     73.29   0.976       0.00       0.00       0.00      0.26
   876  seq875        71        1       69     no     67.52   0.977       0.00       0.00       0.00      0.24
   877  seq876        71        1       69     no     76.88   0.975       0.00       0.00       0.00      0.21
   878  seq877        71        1       69     no     73.43   0.980       0.00       0.00       0.00      0.26
   879  seq878        72        1       69     no     75.95   0.980       0.00       0.00       0.00      0.27
   880  seq879        71        1       69     no     72.53   0.967       0.00       0.00       0.00      0.30
   881  seq880        71        1       69     no     76.71   0.974       0.00       0.00       0.00      0.23
   882  seq881        71        1       69     no     73.15   0.986       0.00       0.00       0.00      0.22
   883  seq882        71        1       69     no     75.74   0.981       0.00       0.00       0.00      0.28
   884  seq883        71        1       69     no     82.41   0.975       0.00       0.00       0.00      0.21
   885  seq884        71        1       69     no     76.38   0.978       0.00       0.00       0.00      0.26
   886  seq885        71        1       69     no     74.30   0.980       0.00       0.00       0.00      0.22
   887  seq886        71        1       69     no     76.70   0.970       0.00       0.00       0.00      0.22
   888  seq887        71        1       69     no     70.85   0.977       0.00       0.00       0.00      0.24
   889  seq888        71        1       69     no     76.72   0.974       0.00       0.00       0.00      0.22
   890  seq889        72        1       69     no     69.79   0.976       0.00       0.00       0.00      0.30
   891  seq890        71        1       69     no     79.83   0.980       0.00       0.00       0.00      0.21
   892  seq891        71        1       69     no     79.91   0.975       0.00       0.00       0.00      0.21
   893  seq892        71        1       69     no     75.65   0.980       0.00       0.00       0.00      0.22
   894  seq893        71        1       69     no     70.63   0.963       0.00       0.00       0.00      0.28
   895  seq894        71        1       69     no     77.73   0.974       0.00       0.00       0.00      0.21
   896  seq895        71        1       69     no     74.71   0.981       0.00       0.00       0.00      0.22
   897  seq896        71        1       69     no     79.18   0.978       0.00       0.00       0.00      0.23
   898  seq897        71        1       69     no     70.37   0.975       0.00       0.00       0.00      0.23
   899  seq898        71        1       69     no     64.83   0.984       0.00       0.00       0.00      0.22
   900  seq899        71        1       69     no     78.78   0.976       0.00       0.00       0.00      0.24
   901  seq900        71        1       69     no     73.15   0.979       0.00       0.00       0.00      0.24
   902  seq901        71        1       69     no     76.58   0.979       0.00       0.00       0.00      0.26
   903  seq902        71        1       69     no     70.24   0.962       0.00       0.00       0.00      0.27
   904  seq903        71        1       69     no     75.18   0.981       0.00       0.00       0.00      0.33
   905  seq904        71        1       69     no     76.58   0.976       0.00       0.00       0.00      0.25
   906  seq905        71        1       69     no     79.55   0.970       0.00       0.00       0.00      0.21
   907  seq906        71        1       69     no     66.02   0.969       0.00       0.00       0.00      0.29
   908  seq907        71        1       69     no     78.16   0.983       0.00       0.00       0.00      0.22
   909  seq908        71        1       69     no     79.35   0.981       0.00       0.00       0.00      0.22
   910  seq909        72        1       69     no     69.72   0.982       0.00       0.00       0.00      0.26
   911  seq910        71        1       69     no     74.48   0.979       0.00       0.00       0.00      0.25
   912  seq911        71        1       69     no     80.98   0.974       0.00       0.00       0.00      0.24
   913  seq912        71        1       69     no     62.68   0.981       0.00       0.00       0.00      0.27
   914  seq913        72        1       69     no     72.21   0.983       0.00       0.00       0.00      0.27
   915  seq914        71        1       69     no     75.85   0.982       0.00       0.00       0.00      0.21
   916  seq915        71        1       69     no     80.73   0.980       0.00       0.00       0.00      0.25
   917  seq916        71        1       69     no     79.00   0.982       0.00       0.00       0.00      0.23
   918  seq917        71        1       69     no     72.54   0.978       0.00       0.00       0.00      0.25
   919  seq918        71        1       69     no     62.89   0.964       0.00       0.00       0.00      0.27
   920  seq919        71        1       69     no     76.95   0.968       0.00       0.00       0.00      0.22
   921  seq920        71        1       69     no     83.14   0.967       0.00       0.00       0.00      0.21
   922  seq921        71        1       69     no     76.00   0.973       0.00       0.00       0.00      0.21
   923  seq922        71        1       69     no     73.53   0.968       0.00       0.00       0.00      0.23
   924  seq923        71        1       69     no     76.56   0.978       0.00       0.00       0.00      0.24
   925  seq924        71        1       69     no     73.55   0.974       0.00       0.00       0.00      0.25
   926  seq925        71        1       69     no     73.70   0.970       0.00       0.00       0.00      0.26
   927  seq926        71        1       69     no     75.43   0.972       0.00       0.00       0.00      0.22
   928  seq927        71        1       69     no     76.56   0.980       0.00       0.00       0.00      0.21
   929  seq928        71        1       69     no     77.04   0.973       0.00       0.00       0.00      0.22
   930  seq929        71        1       69     no     73.64   0.987       0.00       0.00       0.00      0.22
   931  seq930        71        1       69     no     77.50   0.972       0.00       0.00       0.00      0.25
   932  seq931        71        1       69     no     54.06   0.909       0.00       0.00       0.00      0.28
   933  seq932       108        1       23     no     -2.09   0.937       0.00       0.01       0.01      2.67
   934  seq933        71        1       69     no     78.10   0.981       0.00       0.00       0.00      0.21
   935  seq934        71        1       69     no     72.87   0.980       0.00       0.00       0.00      0.24
   936  seq935        71        1       69     no     78.96   0.984       0.00       0.00       0.00      0.21
   937  seq936        71        1       69     no     73.90   0.968       0.00       0.00       0.00      0.29
   938  seq937        71        1       69     no     76.68   0.978       0.00       0.00       0.00      0.23
   939  seq938        71        1       69     no     77.52   0.970       0.00       0.00       0.00      0.23
   940  seq939        71        1       69     no     74.54   0.979       0.00       0.00       0.00      0.26
   941  seq940        71        1       69     no     74.04   0.978       0.00       0.00       0.00      0.24
   942  seq941        71        1       69     no     75.61   0.980       0.00       0.00       0.00      0.23
   943  seq942        71        1       69     no     63.27   0.974       0.00       0.00       0.00      0.29
   944  seq943        71        1       69     no     77.37   0.978       0.00       0.00       0.00      0.26
   945  seq944        71        1       69     no     78.59   0.983       0.00       0.00       0.00      0.20
   946  seq945        71        1       69     no     72.46   0.978       0.00       0.00       0.00      0.24
   947  seq946        71        1       69     no     71.87   0.975       0.00       0.00       0.00      0.24
   948  seq947        71        1       69     no     75.30   0.983       0.00       0.00       0.00      0.25
   949  seq948        71        1       69     no     65.71   0.971       0.00       0.00       0.00      0.28
   950  seq949        71        1       69     no     75.09   0.973       0.00       0.00       0.00      0.23
   951  seq950        71        1       69     no     78.78   0.973       0.00       0.00       0.00      0.21
   952  seq951        71        1       69     no     73.94   0.975       0.00       0.00       0.00      0.26
   953  seq952        72        1       69     no     73.73   0.979       0.00       0.00       0.00      0.27
   954  seq953        71        1       69     no     68.60   0.977       0.00       0.00       0.00      0.22
   955  seq954        71        1       69     no     79.55   0.969       0.00       0.00       0.00      0.22
   956  seq955        71        1       69     no     73.59   0.973       0.00       0.00       0.00      0.24
   957  seq956        71        1       69     no     77.16   0.981       0.00       0.00       0.00      0.25
   958  seq957        71        1       69     no     71.14   0.980       0.00       0.00       0.00      0.23
   959  seq958        71        1       69     no     75.41   0.973       0.00       0.00       0.00      0.27
   960  seq959        71        1       69     no     81.26   0.969       0.00       0.00       0.00      0.20
   961  seq960        71        1       69     no     76.22   0.981       0.00       0.00       0.00      0.24
   962  seq961        71        1       69     no     73.43   0.970       0.00       0.00       0.00      0.26
   963  seq962        71        1       69     no     75.14   0.977       0.00       0.00       0.00      0.31
   964  seq963        71        1       69     no     66.00   0.983       0.00       0.00       0.00      0.32
   965  seq964        71        1       69     no     76.03   0.978       0.00       0.00       0.00      0.24
   966  seq965        71        1       69     no     76.15   0.982       0.00       0.00       0.00      0.22
   967  seq966        71        1       69     no     81.97   0.977       0.00       0.00       0.00      0.22
   968  seq967        71        1       69     no     81.14   0.977       0.00       0.00       0.00      0.23
   969  seq968        71        1       69     no     75.79   0.975       0.00       0.00       0.00      0.25
   970  seq969        71        1       69     no     77.26   0.977       0.00       0.00       0.00      0.21
   971  seq970        71        1       69     no     75.18   0.970       0.00       0.00       0.00      0.26
   972  seq971        71        1       69     no     73.15   0.970       0.00       0.00       0.00      0.27
   973  seq972        71        1       69     no     68.55   0.981       0.00       0.00       0.00      0.26
   974  seq973        71        1       69     no     71.38   0.974       0.00       0.00       0.00      0.22
   975  seq974        72        1       69     no     66.16   0.982       0.00       0.00       0.00      0.30
   976  seq975        71        1       69     no     72.68   0.979       0.00       0.00       0.00      0.26
   977  seq976        71        1       69     no     73.72   0.974       0.00       0.00       0.00      0.25
   978  seq977        71        1       69     no     60.59   0.969       0.00       0.00       0.00      0.27
   979  seq978        71        1       69     no     75.15   0.976       0.00       0.00       0.00      0.22
   980  seq979        71        1       69     no     76.56   0.987       0.00       0.00       0.00      0.25
   981  seq980        71        1       69     no     67.25   0.968       0.00       0.00       0.00      0.34
   982  seq981        71        1       69     no     68.20   0.977       0.00       0.00       0.00      0.24
   983  seq982        71        1       69     no     69.09   0.972       0.00       0.00       0.00      0.28
   984  seq983        71        1       69     no     78.09   0.973       0.00       0.00       0.00      0.23
   985  seq984        71        1       69     no     73.08   0.975       0.00       0.00       0.00      0.23
   986  seq985        71        1       69     no     75.38   0.981       0.00       0.00       0.00      0.27
   987  seq986        71        1       69     no     74.47   0.975       0.00       0.00       0.00      0.21
   988  seq987        71        1       69     no     77.32   0.977       0.00       0.00       0.00      0.21
   989  seq988        71        1       69     no     73.19   0.980       0.00       0.00       0.00      0.23
   990  seq989        71        1       69     no     70.68   0.977       0.00       0.00       0.00      0.24
   991  seq990        72        1       69     no     67.08   0.984       0.00       0.00       0.00      0.24
   992  seq991        71        1       69     no     67.90   0.978       0.00       0.00       0.00      0.30
   993  seq992        71        1       69     no     78.31   0.975       0.00       0.00       0.00      0.26
   994  seq993        71        1       69     no     64.48   0.980       0.00       0.00       0.00      0.30
   995  seq994        71        1       69     no     62.54   0.966       0.00       0.00       0.00      0.26
   996  seq995        71        1       69     no     78.06   0.970       0.00       0.00       0.00      0.24
   997  seq996        71        1       69     no     75.50   0.987       0.00       0.00       0.00      0.22
   998  seq997        71        1       69     no     76.16   0.979       0.00       0.00       0.00      0.23
   999  seq998        71        1       69     no     82.51   0.981       0.00       0.00       0.00      0.20
  1000  seq999        71        1       69     no     78.10   0.977       0.00       0.00       0.00      0.22
